Report Section / Category,Details / Measurements,Values / Interpretation,Additional Information,Notes
COMPREHENSIVE BODY MEASUREMENT ANALYSIS REPORT,,,,
"Analysis of 2,018 subjects across 14 body measurements",,,,
,,,,
═══════════════════════════════════════════════════════════════════════════════════════════════════════════════════════════════,,,,
SECTION 1: MEASUREMENT STATISTICS,,,,
═══════════════════════════════════════════════════════════════════════════════════════════════════════════════════════════════,,,,
,,,,
Measurement,Average (cm),Min (cm),Max (cm),Variation %
─────────────────────────,─────────────────,─────────────────,─────────────────,─────────────────
Bicep,30.4,19.13,55.81,120.65%
Waist,89.81,64.07,164.3,111.6%
Thigh,53.88,37.69,84.22,86.37%
Hip,102.31,80.68,166.85,84.23%
Chest,101.75,77.08,153.94,75.54%
Calf,37.29,28.27,55.33,72.56%
Shoulder Breadth,35.82,28.63,44.32,43.82%
Leg Length,78.33,62.7,94.49,40.58%
Arm Length,49.6,39.39,59.43,40.41%
Height,172.15,140.86,197.51,32.91%
,,,,
═══════════════════════════════════════════════════════════════════════════════════════════════════════════════════════════════,,,,
SECTION 2: VARIABILITY ASSESSMENT,,,,
═══════════════════════════════════════════════════════════════════════════════════════════════════════════════════════════════,,,,
,,,,
Category,Measurements,Characteristics,Modifiability,
─────────────────────────,─────────────────────────────────────,─────────────────────────────────────,─────────────────────────────────────,
High Variability,"Bicep, Waist, Thigh, Hip",Influenced by lifestyle & fitness,Highly modifiable,
(>80%),"(120.65%, 111.60%, 86.37%, 84.23%)",Reflects body composition,,
,,,,
Moderate Variability,"Chest, Calf, Shoulder Breadth",Mixed skeletal & soft tissue,Partially modifiable,
(40-80%),"(75.54%, 72.56%, 43.82%)",Combined structural & compositional,,
,,,,
Low Variability,"Leg Length, Arm Length, Height",Skeletal structure & genetics,Fixed characteristics,
(<40%),"(40.58%, 40.41%, 32.91%)",Determined by bone structure,,
,,,,
═══════════════════════════════════════════════════════════════════════════════════════════════════════════════════════════════,,,,
SECTION 3: CORRELATION FINDINGS,,,,
═══════════════════════════════════════════════════════════════════════════════════════════════════════════════════════════════,,,,
,,,,
Correlation Strength,Measurements,Coefficient,Interpretation,
─────────────────────────,─────────────────────────────────────,─────────────────,─────────────────────────────────────────────────────────────,
Very Strong,Chest & Waist,0.93,Scale together more than any other pair,
Very Strong,Height & Arm Length,0.91,Limbs scale proportionally with height,
Very Strong,Height & Leg Length,0.91,Limbs scale proportionally with height,
Strong,Bicep & Forearm,0.89,Upper arm segments develop proportionally,
Strong,Hip & Waist,0.88,"Strong relationship, waist varies more",
Weak,Height & Chest,0.41,Similar heights can have vastly different torso sizes,
,,,,
═══════════════════════════════════════════════════════════════════════════════════════════════════════════════════════════════,,,,
SECTION 4: KEY INSIGHTS,,,,
═══════════════════════════════════════════════════════════════════════════════════════════════════════════════════════════════,,,,
,,,,
Finding,Detail,Implication,,
─────────────────────────,─────────────────────────────────────,─────────────────────────────────────────────────────────────,,
Skeletal Consistency,Height: 32.91% variation,Most consistent measurement across population,,
Muscular Variability,Bicep: 120.65% variation,Highest variability reflects fitness differences,,
Body Composition,Waist: 111.60% variation,Second highest reflects body fat distribution,,
Average Profile,H: 172.15 | C: 101.75 | W: 89.81 | Hip: 102.31,Baseline measurements for comparison (all in cm),,
Measurement Hierarchy,Skeletal < Mixed < Soft Tissue,Clear pattern from fixed to modifiable characteristics,,
,,,,
═══════════════════════════════════════════════════════════════════════════════════════════════════════════════════════════════,,,,
SECTION 5: CLINICAL IMPLICATIONS,,,,
═══════════════════════════════════════════════════════════════════════════════════════════════════════════════════════════════,,,,
,,,,
Application Area,Finding,Recommendation,,
─────────────────────────,─────────────────────────────────────,─────────────────────────────────────────────────────────────,,
Body Composition,Chest-waist correlation: 0.93,Can use interchangeably for screening (needs validation),,
Proportionality,Limb-length correlations: >0.90,Baseline for identifying atypical proportions,,
Muscular Development,Bicep shows highest variability,Most modifiable aspect of body composition,,
Direct Measurement,Height-chest correlation: 0.41,Cannot estimate torso from height - must measure directly,,
,,,,
═══════════════════════════════════════════════════════════════════════════════════════════════════════════════════════════════,,,,
SECTION 6: CONCLUSIONS & RECOMMENDATIONS,,,,
═══════════════════════════════════════════════════════════════════════════════════════════════════════════════════════════════,,,,
,,,,
Conclusion,Summary,,,
─────────────────────────,─────────────────────────────────────────────────────────────────────────────────────────────────────────────────,,,
Hierarchical Structure,"Skeletal measurements show tight proportions and high consistency, while soft tissue measurements display greater variability",,,
,,,,
Individual Variation,Body composition and muscular development create the most variation - bicep and waist show 3x more variability than skeletal,,,
,,,,
Measurement Protocol,Multi-dimensional measurement protocols are essential - single measurements or height-based estimates mask important variation,,,
,,,,
Practical Application,"For health and fitness applications, focus on soft tissue measurements (waist, chest, limb circumferences) as these reflect",,,
,modifiable characteristics and show the greatest inter-individual variation,,,
,,,,
Research Value,"This analysis provides baseline correlation values and variability ranges for future studies, population health assessments,",,,
,and anthropometric research,,,
,,,,
═══════════════════════════════════════════════════════════════════════════════════════════════════════════════════════════════,,,,
END OF REPORT,,,,
═══════════════════════════════════════════════════════════════════════════════════════════════════════════════════════════════,,,,